<?xml version="1.0" encoding="utf-8"?>
<prefix name="forum" label="Forum" language_tag="en" language_label="English">
    <key name="advanced_search">
        <value>Advanced search</value>
    </key>
    <key name="search_advanced_heading">
        <value>Advanced search</value>
    </key>
    <key name="search">
        <value>Search</value>
    </key>
    <key name="forms_search_keyword_field_invitation">
        <value>Keyword or Phrase</value>
    </key>
    <key name="forms_search_username_field_label">
        <value>Filter by username (optional)</value>
    </key>
    <key name="forms_search_username_field_invitation">
        <value>Username</value>
    </key>
    <key name="where_to_search">
        <value>Where to search</value>
    </key>
    <key name="forms_search_parts_field_label">
        <value>Choose forum to search in</value>
    </key>
    <key name="forms_search_search_in_field_label">
        <value>Search in</value>
    </key>
    <key name="forms_search_search_in_field_value_message">
        <value>Messages</value>
    </key>
    <key name="forms_search_search_in_field_value_title">
        <value>Titles</value>
    </key>
    <key name="additional">
        <value>Additional</value>
    </key>
    <key name="forms_search_period_field_label">
        <value>Search for period</value>
    </key>
    <key name="forms_search_search_period_value_today">
        <value>Today</value>
    </key>
    <key name="forms_search_search_period_value_last_week">
        <value>Last week</value>
    </key>
    <key name="forms_search_search_period_value_last_month">
        <value>Last month</value>
    </key>
    <key name="forms_search_search_period_value_last_two_months">
        <value>Last 2 months</value>
    </key>
    <key name="forms_search_search_period_value_last_three_months">
        <value>Last 3 months</value>
    </key>
    <key name="forms_search_search_period_value_last_six_months">
        <value>Last 6 months</value>
    </key>
    <key name="forms_search_search_period_value_last_year">
        <value>Last year</value>
    </key>
    <key name="forms_search_sort_field_label">
        <value>Sort by</value>
    </key>
    <key name="forms_search_sort_value_date">
        <value>Last message date</value>
    </key>
    <key name="forms_search_sort_value_relevance">
        <value>Message relevance</value>
    </key>
    <key name="forms_search_sort_direction_field_value_increase">
        <value>Increase</value>
    </key>
    <key name="forms_search_sort_direction_field_value_decrease">
        <value>Decrease</value>
    </key>
    <key name="forms_search_parts_field_value_all_forums">
        <value>>>All forums</value>
    </key>
    <key name="advanced_search_result">
        <value>Search result</value>
    </key>
</prefix>
