<?xml version="1.0" encoding="utf-8"?>
<prefix name="forum" label="Forum" language_tag="en" language_label="English">
    <key name="advanced_search">
        <value>Advanced search</value>
    </key>
    <key name="search_advanced_heading">
        <value>Advanced search</value>
    </key>
    <key name="search">
        <value>Search</value>
    </key>
    <key name="forms_search_keyword_field_invitation">
        <value>Keyword or Phrase</value>
    </key>
    <key name="forms_search_username_field_label">
        <value>Filter by username (optional)</value>
    </key>
    <key name="forms_search_username_field_invitation">
        <value>Username</value>
    </key>
    <key name="where_to_search">
        <value>Where to search</value>
    </key>
    <key name="forms_search_parts_field_label">
        <value>Choose forum to search in</value>
    </key>
    <key name="forms_search_search_in_field_label">
        <value>Search in</value>
    </key>
    <key name="forms_search_search_in_field_value_message">
        <value>Messages</value>
    </key>
    <key name="forms_search_search_in_field_value_title">
        <value>Titles</value>
    </key>
    <key name="additional">
        <value>Additional</value>
    </key>
    <key name="forms_search_period_field_label">
        <value>Search for period</value>
    </key>
    <key name="forms_search_search_period_value_today">
        <value>Today</value>
    </key>
    <key name="forms_search_search_period_value_last_week">
        <value>Last week</value>
    </key>
    <key name="forms_search_search_period_value_last_month">
        <value>Last month</value>
    </key>
    <key name="forms_search_search_period_value_last_two_months">
        <value>Last 2 months</value>
    </key>
    <key name="forms_search_search_period_value_last_three_months">
        <value>Last 3 months</value>
    </key>
    <key name="forms_search_search_period_value_last_six_months">
        <value>Last 6 months</value>
    </key>
    <key name="forms_search_search_period_value_last_year">
        <value>Last year</value>
    </key>
    <key name="forms_search_sort_field_label">
        <value>Sort by</value>
    </key>
    <key name="forms_search_sort_value_date">
        <value>Last message date</value>
    </key>
    <key name="forms_search_sort_value_relevance">
        <value>Message relevance</value>
    </key>
    <key name="forms_search_sort_direction_field_value_increase">
        <value>Increase</value>
    </key>
    <key name="forms_search_sort_direction_field_value_decrease">
        <value>Decrease</value>
    </key>
    <key name="forms_search_parts_field_value_all_forums">
        <value>>>All forums</value>
    </key>
    <key name="advanced_search_result">
        <value>Search result</value>
    </key>
    <key name="please_enter_keyword">
        <value>Please enter your keyword</value>
    </key>
    <key name="search_example_usage">
        <value>Example of usage</value>
    </key>
    <key name="search_example_usage_text">
        <value>
			&#x3C;b&#x3E;apple banana&#x3C;/b&#x3E; - Find rows that contain at least one of the two words. &#x3C;br /&#x3E;
&#x9;&#x9;&#x9;&#x3C;b&#x3E;+apple +juice&#x3C;/b&#x3E; - Find rows that contain both words. &#x3C;br /&#x3E;
&#x9;&#x9;&#x9;&#x3C;b&#x3E;+apple macintosh&#x3C;/b&#x3E; - Find rows that contain the word &#x201C;apple&#x201D;, but rank rows higher if they also contain &#x201C;macintosh&#x201D;. &#x3C;br /&#x3E;
&#x9;&#x9;&#x9;&#x3C;b&#x3E;+apple -macintosh&#x3C;/b&#x3E; - Find rows that contain the word &#x201C;apple&#x201D; but not &#x201C;macintosh&#x201D;. &#x3C;br /&#x3E;
&#x9;&#x9;&#x9;&#x3C;b&#x3E;+apple ~macintosh&#x3C;/b&#x3E; - Find rows that contain the word &#x201C;apple&#x201D;, but if the row also contains the word &#x201C;macintosh&#x201D;, rate it lower than if row does not. &#x3C;br /&#x3E;
&#x9;&#x9;&#x9;&#x3C;b&#x3E;+apple +(&#x26;#x3E;turnover &#x26;#x3C;strudel)&#x3C;/b&#x3E; - Find rows that contain the words &#x201C;apple&#x201D; and &#x201C;turnover&#x201D;, or &#x201C;apple&#x201D; and &#x201C;strudel&#x201D; (in any order), but rank &#x201C;apple turnover&#x201D; higher than &#x201C;apple strudel&#x201D;. &#x3C;br /&#x3E;
&#x9;&#x9;&#x9;&#x3C;b&#x3E;apple*&#x3C;/b&#x3E; - Find rows that contain words such as &#x201C;apple&#x201D;, &#x201C;apples&#x201D;, &#x201C;applesauce&#x201D;, or &#x201C;applet&#x201D;. &#x3C;br /&#x3E;
&#x9;&#x9;&#x9;&#x3C;b&#x3E;&#x22;some words&#x22;&#x3C;/b&#x3E; - Find rows that contain the exact phrase &#x201C;some words&#x201D; (for example, rows that contain &#x201C;some words of wisdom&#x201D; but not &#x201C;some noise words&#x201D;). Note that the &#x201C;&#x22;&#x201D; characters that enclose the phrase are operator characters that delimit the phrase. They are not the quotation marks that enclose the search string itself. 
        </value>
    </key>
    <key name="back_forum">
        <value>Back to forum</value>
    </key>
</prefix>
